Workbook
Name Slicer_Placement_Status: #N/A
Name Slicer_Readiness_Level: #N/A
Name Slicer_Student_ID: #N/A

Sheet Student_Skill_Data
A1: =COUNT(2,1000) -> 2 | B1: DSA_Level | C1: Backend_Level | D1: Frontend_Level | E1: Database_Level | F1: AI_Level | G1: Projects_Completed | H1: Problems_Solved | I1: Hackathons | J1: Readiness_Score | K1: (output)Skill Average | L1: Skill Score % | M1: Coding Score (M2) | N1: Practical Score | O1: Final Readiness Score | P1: Placement Status | Q1: Readiness Level
A2: 1001 | B2: 1 | C2: 9 | D2: 8 | E2: 8 | F2: 1 | G2: 6 | H2: 205 | I2: 1 | J2: 63 | K2: =AVERAGE(B2:F2) -> 5.4 | L2: =K2*10 -> 54 | M2: =IF(H2>=400,100,IF(H2>=250,80,IF(H2>=150,60,40))) -> 60 | N2: =(G2*5)+(I2*10) -> 40 | O2: =ROUND((L2*0.4)+(M2*0.3)+(N2*0.3),0) -> 52 | P2: =IF(J2>=75,"Placement Ready",IF(J2>=50,"Needs Improvement","Not Ready")) -> Needs Improvement | Q2: =IF(O2<40,"Low",IF(O2<=70,"Medium","High")) -> Medium
A3: 1002 | B3: 9 | C3: 8 | D3: 5 | E3: 9 | F3: 5 | G3: 3 | H3: 405 | I3: 5 | J3: 66 | K3: =AVERAGE(B3:F3) -> 7.2 | L3: =K3*10 -> 72 | M3: =IF(H3>=400,100,IF(H3>=250,80,IF(H3>=150,60,40))) -> 100 | N3: =(G3*5)+(I3*10) -> 65 | O3: =ROUND((L3*0.4)+(M3*0.3)+(N3*0.3),0) -> 78 | P3: =IF(J3>=75,"Placement Ready",IF(J3>=50,"Needs Improvement","Not Ready")) -> Needs Improvement | Q3: =IF(O3<40,"Low",IF(O3<=70,"Medium","High")) -> High
A4: 1003 | B4: 8 | C4: 4 | D4: 6 | E4: 6 | F4: 2 | G4: 4 | H4: 119 | I4: 1 | J4: 42 | K4: =AVERAGE(B4:F4) -> 5.2 | L4: =K4*10 -> 52 | M4: =IF(H4>=400,100,IF(H4>=250,80,IF(H4>=150,60,40))) -> 40 | N4: =(G4*5)+(I4*10) -> 30 | O4: =ROUND((L4*0.4)+(M4*0.3)+(N4*0.3),0) -> 42 | P4: =IF(J4>=75,"Placement Ready",IF(J4>=50,"Needs Improvement","Not Ready")) -> Not Ready | Q4: =IF(O4<40,"Low",IF(O4<=70,"Medium","High")) -> Medium
A5: 1004 | B5: 2 | C5: 6 | D5: 8 | E5: 4 | F5: 2 | G5: 2 | H5: 56 | I5: 3 | J5: 60 | K5: =AVERAGE(B5:F5) -> 4.4 | L5: =K5*10 -> 44 | M5: =IF(H5>=400,100,IF(H5>=250,80,IF(H5>=150,60,40))) -> 40 | N5: =(G5*5)+(I5*10) -> 40 | O5: =ROUND((L5*0.4)+(M5*0.3)+(N5*0.3),0) -> 42 | P5: =IF(J5>=75,"Placement Ready",IF(J5>=50,"Needs Improvement","Not Ready")) -> Needs Improvement | Q5: =IF(O5<40,"Low",IF(O5<=70,"Medium","High")) -> Medium
A6: 1005 | B6: 4 | C6: 1 | D6: 8 | E6: 2 | F6: 10 | G6: 2 | H6: 115 | I6: 2 | J6: 92 | K6: =AVERAGE(B6:F6) -> 5 | L6: =K6*10 -> 50 | M6: =IF(H6>=400,100,IF(H6>=250,80,IF(H6>=150,60,40))) -> 40 | N6: =(G6*5)+(I6*10) -> 30 | O6: =ROUND((L6*0.4)+(M6*0.3)+(N6*0.3),0) -> 41 | P6: =IF(J6>=75,"Placement Ready",IF(J6>=50,"Needs Improvement","Not Ready")) -> Placement Ready | Q6: =IF(O6<40,"Low",IF(O6<=70,"Medium","High")) -> Medium
A7: 1006 | B7: 5 | C7: 7 | D7: 5 | E7: 1 | F7: 8 | G7: 1 | H7: 246 | I7: 4 | J7: 59 | K7: =AVERAGE(B7:F7) -> 5.2 | L7: =K7*10 -> 52 | M7: =IF(H7>=400,100,IF(H7>=250,80,IF(H7>=150,60,40))) -> 60 | N7: =(G7*5)+(I7*10) -> 45 | O7: =ROUND((L7*0.4)+(M7*0.3)+(N7*0.3),0) -> 52 | P7: =IF(J7>=75,"Placement Ready",IF(J7>=50,"Needs Improvement","Not Ready")) -> Needs Improvement | Q7: =IF(O7<40,"Low",IF(O7<=70,"Medium","High")) -> Medium
A8: 1007 | B8: 7 | C8: 7 | D8: 6 | E8: 8 | F8: 4 | G8: 5 | H8: 224 | I8: 5 | J8: 68 | K8: =AVERAGE(B8:F8) -> 6.4 | L8: =K8*10 -> 64 | M8: =IF(H8>=400,100,IF(H8>=250,80,IF(H8>=150,60,40))) -> 60 | N8: =(G8*5)+(I8*10) -> 75 | O8: =ROUND((L8*0.4)+(M8*0.3)+(N8*0.3),0) -> 66 | P8: =IF(J8>=75,"Placement Ready",IF(J8>=50,"Needs Improvement","Not Ready")) -> Needs Improvement | Q8: =IF(O8<40,"Low",IF(O8<=70,"Medium","High")) -> Medium
A9: 1008 | B9: 10 | C9: 6 | D9: 6 | E9: 9 | F9: 2 | G9: 5 | H9: 391 | I9: 5 | J9: 60 | K9: =AVERAGE(B9:F9) -> 6.6 | L9: =K9*10 -> 66 | M9: =IF(H9>=400,100,IF(H9>=250,80,IF(H9>=150,60,40))) -> 80 | N9: =(G9*5)+(I9*10) -> 75 | O9: =ROUND((L9*0.4)+(M9*0.3)+(N9*0.3),0) -> 73 | P9: =IF(J9>=75,"Placement Ready",IF(J9>=50,"Needs Improvement","Not Ready")) -> Needs Improvement | Q9: =IF(O9<40,"Low",IF(O9<=70,"Medium","High")) -> High
A10: 1009 | B10: 3 | C10: 1 | D10: 8 | E10: 1 | F10: 4 | G10: 1 | H10: 364 | I10: 2 | J10: 67 | K10: =AVERAGE(B10:F10) -> 3.4 | L10: =K10*10 -> 34 | M10: =IF(H10>=400,100,IF(H10>=250,80,IF(H10>=150,60,40))) -> 80 | N10: =(G10*5)+(I10*10) -> 25 | O10: =ROUND((L10*0.4)+(M10*0.3)+(N10*0.3),0) -> 45 | P10: =IF(J10>=75,"Placement Ready",IF(J10>=50,"Needs Improvement","Not Ready")) -> Needs Improvement | Q10: =IF(O10<40,"Low",IF(O10<=70,"Medium","High")) -> Medium
A11: 1010 | B11: 8 | C11: 7 | D11: 3 | E11: 8 | F11: 9 | G11: 7 | H11: 198 | I11: 5 | J11: 89 | K11: =AVERAGE(B11:F11) -> 7 | L11: =K11*10 -> 70 | M11: =IF(H11>=400,100,IF(H11>=250,80,IF(H11>=150,60,40))) -> 60 | N11: =(G11*5)+(I11*10) -> 85 | O11: =ROUND((L11*0.4)+(M11*0.3)+(N11*0.3),0) -> 72 | P11: =IF(J11>=75,"Placement Ready",IF(J11>=50,"Needs Improvement","Not Ready")) -> Placement Ready | Q11: =IF(O11<40,"Low",IF(O11<=70,"Medium","High")) -> High
A12: 1011 | B12: 4 | C12: 6 | D12: 3 | E12: 10 | F12: 8 | G12: 3 | H12: 418 | I12: 2 | J12: 60 | K12: =AVERAGE(B12:F12) -> 6.2 | L12: =K12*10 -> 62 | M12: =IF(H12>=400,100,IF(H12>=250,80,IF(H12>=150,60,40))) -> 100 | N12: =(G12*5)+(I12*10) -> 35 | O12: =ROUND((L12*0.4)+(M12*0.3)+(N12*0.3),0) -> 65 | P12: =IF(J12>=75,"Placement Ready",IF(J12>=50,"Needs Improvement","Not Ready")) -> Needs Improvement | Q12: =IF(O12<40,"Low",IF(O12<=70,"Medium","High")) -> Medium
A13: 1012 | B13: 2 | C13: 9 | D13: 5 | E13: 5 | F13: 8 | G13: 0 | H13: 476 | I13: 3 | J13: 63 | K13: =AVERAGE(B13:F13) -> 5.8 | L13: =K13*10 -> 58 | M13: =IF(H13>=400,100,IF(H13>=250,80,IF(H13>=150,60,40))) -> 100 | N13: =(G13*5)+(I13*10) -> 30 | O13: =ROUND((L13*0.4)+(M13*0.3)+(N13*0.3),0) -> 62 | P13: =IF(J13>=75,"Placement Ready",IF(J13>=50,"Needs Improvement","Not Ready")) -> Needs Improvement | Q13: =IF(O13<40,"Low",IF(O13<=70,"Medium","High")) -> Medium
... A1001: 2000 | B1001: 9 | C1001: 4 | D1001: 10 | E1001: 9 | F1001: 8 | G1001: 0 | H1001: 164 | I1001: 5 | J1001: 64 | K1001: =AVERAGE(B1001:F1001) -> 8 | L1001: =K1001*10 -> 80 | M1001: =IF(H1001>=400,100,IF(H1001>=250,80,IF(H1001>=150,60,40))) -> 60 | N1001: =(G1001*5)+(I1001*10) -> 50 | O1001: =ROUND((L1001*0.4)+(M1001*0.3)+(N1001*0.3),0) -> 65 | P1001: =IF(J1001>=75,"Placement Ready",IF(J1001>=50,"Needs Improvement","Not Ready")) -> Needs Improvement | Q1001: =IF(O1001<40,"Low",IF(O1001<=70,"Medium","High")) -> Medium
A1002: ='Student Readiness Dashboard'!B3=COUNTA(Student_Skill_Data!2:1001) -> TRUE | L1002: =AVERAGE(Student_Skill_Data!2:1001) -> 141.10883 | P1002: =COUNTIF(Student_Skill_Data!P2:P1001,"Placement Ready")/COUNTA(Student_Skill_Data!A2:A1001) -> 0.379

Sheet Pivot_Readiness
A3: Row Labels | B3: Count of Student_ID
A4: High | B4: 108
A5: Low | B5: 42
A6: Medium | B6: 850
A7: Grand Total | B7: 1000

Sheet Pivot Skill Levels
A3: Sum of DSA_Level | B3: Sum of Backend_Level | C3: Sum of Frontend_Level | D3: Sum of Database_Level | E3: Sum of AI_Level
A4: 5531 | B4: 5621 | C4: 5555 | D4: 5445 | E4: 5410

Sheet placement of std
A3: Row Labels | B3: Count of Student_ID
A4: Needs Improvement | B4: 442
A5: Not Ready | B5: 179
A6: Placement Ready | B6: 379
A7: Grand Total | B7: 1000

Sheet Student Readiness Dashboard
B2: Total Students | C2: Average Skill % | D2: Average Readiness Score | E2: Placement Rate
B3: =COUNTA(Student_Skill_Data!2:1001) -> 17000 | C3: =AVERAGE(Student_Skill_Data!2:1001) -> 141.10883 | D3: =AVERAGE(Student_Skill_Data!J2:J1001) -> 67.459 | E3: =COUNTIF(Student_Skill_Data!P2:P1001,"Placement Ready")/COUNTA(Student_Skill_Data!A2:A1001) -> 0.379
